OrderID,Date,City,Product,Quantity,Price,Salesperson
1001,2026-01-05,Lahore,Laptop,2,150000,Ahmed
1002,2026-01-06,karachi,Mouse,5,2500,Sara
1003,2026-01-07,LAHORE,Keyboard,,4500,Ahmed
1004,2026-01-08,Islamabad,Monitor,1,Rs.35000,
1005,2026-01-09,Lahore,Laptop,1,150000,Ahmed
1006,2026-01-10,Karachi ,Mouse,10,2500,Sara
1007,2026-01-11,lahore,Keyboard,3,4500,Bilal
1008,2026-01-12,,Monitor,2,35000,Ahmed
1009,2026-01-13,Peshawar,Headphones,4,Rs.8000,Sara
1010,2026-01-14,Karachi,Laptop,1,150000,
1002,2026-01-06,karachi,Mouse,5,2500,Sara
1011,2026-01-15,LAHORE ,Monitor,1,35000,Bilal
1012,2026-01-16,Quetta,Keyboard,7,4500,Ahmed
1013,2026-01-17,peshawar,Mouse,,2500,Sara
1014,2026-01-18,Lahore,Headphones,6,8000,Ahmed
1015,2026-01-19,Islamabad,Laptop,2,Rs.150000,Bilal
1016,2026-01-20,Karachi,Monitor,3,35000,
1017,2026-01-21,Lahore,Keyboard,2,4500,Sara
1018,2026-01-22,Multan,Mouse,8,2500,Ahmed
1019,2026-01-23,karachi,Headphones,5,8000,Bilal
